Project Name,Profit,Cost,ROI (%)
ROIProject1,6723.0,444.0,1514.1891891891892
ROIProject2,4344.0,324.0,1340.7407407407406
